{
  "hash": "bd8dcf97",
  "configHash": "28e90f22",
  "lockfileHash": "2713ac75",
  "browserHash": "a505ee62",
  "optimized": {
    "@angular/animations": {
      "src": "../../../../../../node_modules/@angular/animations/fesm2022/animations.mjs",
      "file": "@angular_animations.js",
      "fileHash": "2cc1e5db",
      "needsInterop": false
    },
    "@angular/common": {
      "src": "../../../../../../node_modules/@angular/common/fesm2022/common.mjs",
      "file": "@angular_common.js",
      "fileHash": "b8b11e4b",
      "needsInterop": false
    },
    "@angular/core": {
      "src": "../../../../../../node_modules/@angular/core/fesm2022/core.mjs",
      "file": "@angular_core.js",
      "fileHash": "c3475249",
      "needsInterop": false
    },
    "@angular/platform-browser": {
      "src": "../../../../../../node_modules/@angular/platform-browser/fesm2022/platform-browser.mjs",
      "file": "@angular_platform-browser.js",
      "fileHash": "1caa9ef6",
      "needsInterop": false
    },
    "@angular/platform-browser/animations": {
      "src": "../../../../../../node_modules/@angular/platform-browser/fesm2022/animations.mjs",
      "file": "@angular_platform-browser_animations.js",
      "fileHash": "0af51d36",
      "needsInterop": false
    },
    "@angular/router": {
      "src": "../../../../../../node_modules/@angular/router/fesm2022/router.mjs",
      "file": "@angular_router.js",
      "fileHash": "1653b12d",
      "needsInterop": false
    },
    "zone.js": {
      "src": "../../../../../../node_modules/zone.js/fesm2015/zone.js",
      "file": "zone__js.js",
      "fileHash": "cff5ad36",
      "needsInterop": true
    }
  },
  "chunks": {
    "chunk-6NWHGSTP": {
      "file": "chunk-6NWHGSTP.js"
    },
    "chunk-RQTEQEDG": {
      "file": "chunk-RQTEQEDG.js"
    },
    "chunk-HETSPJX5": {
      "file": "chunk-HETSPJX5.js"
    },
    "chunk-BS62TQKE": {
      "file": "chunk-BS62TQKE.js"
    },
    "chunk-5D2FILIF": {
      "file": "chunk-5D2FILIF.js"
    },
    "chunk-WDMUDEB6": {
      "file": "chunk-WDMUDEB6.js"
    }
  }
}