{
  "hosting": {
    "public": "dist/user-management",
    "ignore": ["firebase.json", "**/.*", "**/node_modules/**"],
    "headers": [
      {
        "source": "**/*.@(js|css|html)",
        "headers": [
          {
            "key": "Content-Security-Policy",
            "value": "default-src 'self'; script-src 'self' https://ajax.googleapis.com; object-src 'none'; frame-ancestors 'none';"
          },
          {
            "key": "Strict-Transport-Security",
            "value": "max-age=31536000; includeSubDomains; preload"
          }
        ]
      }
    ]
  }
}
