{
  "hash": "74f2fa14",
  "configHash": "b65f8f33",
  "lockfileHash": "515613eb",
  "browserHash": "211412cd",
  "optimized": {
    "@angular/common": {
      "src": "../../../../../../node_modules/@angular/common/fesm2022/common.mjs",
      "file": "@angular_common.js",
      "fileHash": "a5650431",
      "needsInterop": false
    },
    "@angular/common/http": {
      "src": "../../../../../../node_modules/@angular/common/fesm2022/http.mjs",
      "file": "@angular_common_http.js",
      "fileHash": "4d0e2603",
      "needsInterop": false
    },
    "@angular/core": {
      "src": "../../../../../../node_modules/@angular/core/fesm2022/core.mjs",
      "file": "@angular_core.js",
      "fileHash": "0c32f95e",
      "needsInterop": false
    },
    "@angular/platform-browser": {
      "src": "../../../../../../node_modules/@angular/platform-browser/fesm2022/platform-browser.mjs",
      "file": "@angular_platform-browser.js",
      "fileHash": "1927f533",
      "needsInterop": false
    },
    "@angular/router": {
      "src": "../../../../../../node_modules/@angular/router/fesm2022/router.mjs",
      "file": "@angular_router.js",
      "fileHash": "c397511f",
      "needsInterop": false
    },
    "zone.js": {
      "src": "../../../../../../node_modules/zone.js/fesm2015/zone.js",
      "file": "zone__js.js",
      "fileHash": "9d18256a",
      "needsInterop": true
    }
  },
  "chunks": {
    "chunk-LREZXCFZ": {
      "file": "chunk-LREZXCFZ.js"
    },
    "chunk-SORRRS7H": {
      "file": "chunk-SORRRS7H.js"
    },
    "chunk-64RV3N55": {
      "file": "chunk-64RV3N55.js"
    },
    "chunk-CSPLI7JI": {
      "file": "chunk-CSPLI7JI.js"
    },
    "chunk-EB7GO7YZ": {
      "file": "chunk-EB7GO7YZ.js"
    },
    "chunk-WDMUDEB6": {
      "file": "chunk-WDMUDEB6.js"
    }
  }
}